path_id,length,weight,start_node,end_node,path_string
94,6,276,Sclerotome_1_100,Dermomyotome_1_114,Sclerotome_1_100 -> Sclerotome_1_96 -> Sclerotome_1_97 -> Dermomyotome_1_105 -> Dermomyotome_1_115 -> Dermomyotome_1_114
125,6,264,Sclerotome_1_96,Connective tissue_1_120,Sclerotome_1_96 -> Sclerotome_1_97 -> AGM_1_118 -> AGM_1_117 -> AGM_1_116 -> Connective tissue_1_120
126,5,209,Sclerotome_1_96,Dermomyotome_1_114,Sclerotome_1_96 -> Sclerotome_1_97 -> Dermomyotome_1_105 -> Dermomyotome_1_115 -> Dermomyotome_1_114
155,6,351,Sclerotome_1_97,Mesenchyme_1_108,Sclerotome_1_97 -> Dermomyotome_1_105 -> Dermomyotome_1_104 -> Branchial arch_1_107 -> Mesenchyme_1_111 -> Mesenchyme_1_108
156,6,253,Sclerotome_1_97,Neural crest_1_110,Sclerotome_1_97 -> Dermomyotome_1_105 -> Dermomyotome_1_104 -> Branchial arch_1_107 -> Mesenchyme_1_106 -> Neural crest_1_110
157,5,211,Sclerotome_1_97,Connective tissue_1_120,Sclerotome_1_97 -> AGM_1_118 -> AGM_1_117 -> AGM_1_116 -> Connective tissue_1_120
181,5,272,Dermomyotome_1_105,Mesenchyme_1_108,Dermomyotome_1_105 -> Dermomyotome_1_104 -> Branchial arch_1_107 -> Mesenchyme_1_111 -> Mesenchyme_1_108
204,6,364,Dermomyotome_1_104,Neural crest_1_9,Dermomyotome_1_104 -> Branchial arch_1_107 -> Mesenchyme_1_111 -> Mesenchyme_1_109 -> Neural crest_1_10 -> Neural crest_1_9
205,6,364,Dermomyotome_1_104,Neural crest_1_11,Dermomyotome_1_104 -> Branchial arch_1_107 -> Mesenchyme_1_111 -> Mesenchyme_1_109 -> Neural crest_1_10 -> Neural crest_1_11
206,4,224,Dermomyotome_1_104,Mesenchyme_1_108,Dermomyotome_1_104 -> Branchial arch_1_107 -> Mesenchyme_1_111 -> Mesenchyme_1_108
223,6,357,Branchial arch_1_107,Brain_1_2,Branchial arch_1_107 -> Mesenchyme_1_111 -> Mesenchyme_1_109 -> Neural crest_1_10 -> Brain_1_5 -> Brain_1_2
224,6,357,Branchial arch_1_107,Brain_1_3,Branchial arch_1_107 -> Mesenchyme_1_111 -> Mesenchyme_1_109 -> Neural crest_1_10 -> Brain_1_5 -> Brain_1_3
225,6,366,Branchial arch_1_107,Brain_1_41,Branchial arch_1_107 -> Mesenchyme_1_111 -> Mesenchyme_1_109 -> Neural crest_1_10 -> Brain_1_20 -> Brain_1_41
226,6,383,Branchial arch_1_107,Brain_1_18,Branchial arch_1_107 -> Mesenchyme_1_111 -> Mesenchyme_1_109 -> Neural crest_1_10 -> Notochord_1_21 -> Brain_1_18
227,6,383,Branchial arch_1_107,Cavity_1_43,Branchial arch_1_107 -> Mesenchyme_1_111 -> Mesenchyme_1_109 -> Neural crest_1_10 -> Notochord_1_21 -> Cavity_1_43
228,5,328,Branchial arch_1_107,Neural crest_1_9,Branchial arch_1_107 -> Mesenchyme_1_111 -> Mesenchyme_1_109 -> Neural crest_1_10 -> Neural crest_1_9
229,5,328,Branchial arch_1_107,Neural crest_1_11,Branchial arch_1_107 -> Mesenchyme_1_111 -> Mesenchyme_1_109 -> Neural crest_1_10 -> Neural crest_1_11
244,6,299,Mesenchyme_1_111,Brain_1_4,Mesenchyme_1_111 -> Mesenchyme_1_109 -> Neural crest_1_10 -> Brain_1_5 -> Brain_1_7 -> Brain_1_4
245,6,332,Mesenchyme_1_111,Brain_1_4,Mesenchyme_1_111 -> Mesenchyme_1_109 -> Neural crest_1_10 -> Brain_1_8 -> Brain_1_7 -> Brain_1_4
246,6,397,Mesenchyme_1_111,Brain_1_17,Mesenchyme_1_111 -> Mesenchyme_1_109 -> Neural crest_1_10 -> Notochord_1_21 -> Brain_1_19 -> Brain_1_17
247,5,281,Mesenchyme_1_111,Brain_1_2,Mesenchyme_1_111 -> Mesenchyme_1_109 -> Neural crest_1_10 -> Brain_1_5 -> Brain_1_2
248,5,281,Mesenchyme_1_111,Brain_1_3,Mesenchyme_1_111 -> Mesenchyme_1_109 -> Neural crest_1_10 -> Brain_1_5 -> Brain_1_3
249,5,290,Mesenchyme_1_111,Brain_1_41,Mesenchyme_1_111 -> Mesenchyme_1_109 -> Neural crest_1_10 -> Brain_1_20 -> Brain_1_41
250,5,307,Mesenchyme_1_111,Brain_1_18,Mesenchyme_1_111 -> Mesenchyme_1_109 -> Neural crest_1_10 -> Notochord_1_21 -> Brain_1_18
251,5,307,Mesenchyme_1_111,Cavity_1_43,Mesenchyme_1_111 -> Mesenchyme_1_109 -> Neural crest_1_10 -> Notochord_1_21 -> Cavity_1_43
252,4,252,Mesenchyme_1_111,Neural crest_1_9,Mesenchyme_1_111 -> Mesenchyme_1_109 -> Neural crest_1_10 -> Neural crest_1_9
253,4,252,Mesenchyme_1_111,Neural crest_1_11,Mesenchyme_1_111 -> Mesenchyme_1_109 -> Neural crest_1_10 -> Neural crest_1_11
263,6,228,Mesenchyme_1_109,Brain_1_12,Mesenchyme_1_109 -> Neural crest_1_10 -> Brain_1_5 -> Brain_1_7 -> Neural crest_1_14 -> Brain_1_12
264,6,247,Mesenchyme_1_109,Brain_1_2,Mesenchyme_1_109 -> Neural crest_1_10 -> Brain_1_8 -> Brain_1_6 -> Brain_1_5 -> Brain_1_2
265,6,247,Mesenchyme_1_109,Brain_1_3,Mesenchyme_1_109 -> Neural crest_1_10 -> Brain_1_8 -> Brain_1_6 -> Brain_1_5 -> Brain_1_3
266,6,261,Mesenchyme_1_109,Brain_1_12,Mesenchyme_1_109 -> Neural crest_1_10 -> Brain_1_8 -> Brain_1_7 -> Neural crest_1_14 -> Brain_1_12
268,5,220,Mesenchyme_1_109,Brain_1_4,Mesenchyme_1_109 -> Neural crest_1_10 -> Brain_1_8 -> Brain_1_7 -> Brain_1_4
269,5,285,Mesenchyme_1_109,Brain_1_17,Mesenchyme_1_109 -> Neural crest_1_10 -> Notochord_1_21 -> Brain_1_19 -> Brain_1_17
284,6,248,Neural crest_1_10,Brain_1_4,Neural crest_1_10 -> Brain_1_20 -> Brain_1_16 -> Brain_1_8 -> Brain_1_7 -> Brain_1_4
291,4,207,Neural crest_1_10,Brain_1_17,Neural crest_1_10 -> Notochord_1_21 -> Brain_1_19 -> Brain_1_17
322,6,303,Brain_1_26,Brain_1_41,Brain_1_26 -> Brain_1_24 -> Notochord_1_23 -> Brain_1_22 -> Brain_1_20 -> Brain_1_41
323,6,378,Brain_1_26,Brain_1_17,Brain_1_26 -> Brain_1_24 -> Notochord_1_23 -> Notochord_1_21 -> Brain_1_19 -> Brain_1_17
324,5,288,Brain_1_26,Brain_1_18,Brain_1_26 -> Brain_1_24 -> Notochord_1_23 -> Notochord_1_21 -> Brain_1_18
325,5,288,Brain_1_26,Cavity_1_43,Brain_1_26 -> Brain_1_24 -> Notochord_1_23 -> Notochord_1_21 -> Cavity_1_43
326,4,265,Brain_1_26,Notochord_1_52,Brain_1_26 -> Brain_1_24 -> Brain_1_25 -> Notochord_1_52
334,5,231,Brain_1_24,Brain_1_17,Brain_1_24 -> Notochord_1_23 -> Notochord_1_21 -> Brain_1_19 -> Brain_1_17
353,6,218,Brain_1_22,Brain_1_4,Brain_1_22 -> Brain_1_20 -> Brain_1_16 -> Brain_1_8 -> Brain_1_7 -> Brain_1_4
357,6,213,Brain_1_20,Brain_1_2,Brain_1_20 -> Brain_1_16 -> Brain_1_8 -> Brain_1_6 -> Brain_1_5 -> Brain_1_2
358,6,213,Brain_1_20,Brain_1_3,Brain_1_20 -> Brain_1_16 -> Brain_1_8 -> Brain_1_6 -> Brain_1_5 -> Brain_1_3
359,6,227,Brain_1_20,Brain_1_12,Brain_1_20 -> Brain_1_16 -> Brain_1_8 -> Brain_1_7 -> Neural crest_1_14 -> Brain_1_12
395,6,244,Brain_1_55,Cavity_1_39,Brain_1_55 -> Cavity_1_48 -> Cavity_1_49 -> Cavity_1_33 -> Cavity_1_37 -> Cavity_1_39
396,5,222,Brain_1_55,Cavity_1_34,Brain_1_55 -> Cavity_1_48 -> Cavity_1_49 -> Cavity_1_32 -> Cavity_1_34
418,6,214,Cavity_1_49,Brain_1_4,Cavity_1_49 -> Cavity_1_33 -> Brain_1_16 -> Brain_1_8 -> Brain_1_7 -> Brain_1_4
429,6,210,Cavity_1_33,Brain_1_12,Cavity_1_33 -> Brain_1_16 -> Brain_1_8 -> Brain_1_7 -> Neural crest_1_14 -> Brain_1_12
495,6,244,AGM_1_121,Heart_1_74,AGM_1_121 -> AGM_1_123 -> Cavity_1_78 -> Cavity_1_76 -> Heart_1_75 -> Heart_1_74
501,5,235,AGM_1_123,Heart_1_74,AGM_1_123 -> Cavity_1_78 -> Cavity_1_76 -> Heart_1_75 -> Heart_1_74
